{"description" : "Fusce mattis suscipit congue. Aliquam imperdiet tristique sagittis. Morbi vehicula vestibulum purus, nec volutpat sem euismod sit amet. Suspendisse et neque varius, varius tortor nec, placerat sapien. Duis vel volutpat turpis, id maximus ex.", "author" : "Emilie", "address" : "Place de la gare" , "date" : "7 novembre 2001"}
{"description" : "Nam viverra sed nisi quis sagittis. Pellentesque habitant morbi tristique senectus et netus et malesuada fames ac turpis egestas. Ut et velit et metus porta sodales vel vitae ligula. Aliquam vestibulum risus mi, vitae lacinia lectus accumsan eu. Morbi quam turpis, iaculis quis massa mattis, ultricies posuere enim. Sed quis odio elit. Sed fermentum vehicula erat in aliquam. Nulla vulputate feugiat blandit. Cras sit amet pharetra nisi.", "author" : "Manon", "address" : "Croix du sud", "date" : "9 novembre 1999"}
{"description" : "In dictum, odio placerat viverra vulputate, elit arcu molestie nisl, quis gravida tortor quam vel eros. In et felis non ligula consequat suscipit in sit amet est. Curabitur mollis ornare lectus eu mollis. Duis sit amet enim ac nisl sollicitudin placerat. Pellentesque sit amet velit lacinia, accumsan massa vel, accumsan justo. Mauris nulla metus, efficitur fermentum elit at, tempus mollis metus. Sed sollicitudin orci non molestie placerat. In nec bibendum felis, sit amet pretium ligula." , "author" : "Emily-Yu", "address" : "Rue des Wallons, 26", "date" : "25 janvier 2001" }
{"description" : "Donec eget eros varius, efficitur risus ac, fermentum tortor. Pellentesque feugiat mauris non tincidunt lobortis.", "author" : "Emilie" , "address" : "Place de l'université" , "date" : "9 février 2001"}
{"description" : "Donec laoreet lacus vitae varius aliquam. Sed volutpat, nisi non egestas imperdiet, magna tellus pulvinar urna, vel tincidunt sapien leo non risus. Integer auctor diam at fringilla mattis. Nulla tempus luctus consequat. Nullam euismod accumsan purus, ac egestas mauris vestibulum vitae. Morbi id massa nec quam consectetur mollis.", "author" : "Test" , "address" : "Place Louis pasteur" , "date" : "4 août 2005"}