{"username" : "Manon" , "password" : "$2b$10$UFw5WYqnux9n.oOQDq.Ty.n2JxOIsMZoGCTRDNt59BxTpmFmpuTJC" , "fullname" : "Manon" , "mail" : "manon.oreins@student.uclouvain.be"}
{"username" : "Emilie" , "password" : "$2b$10$V27aosLRk5CLrq4NYdx.1ujkuU/BWEju86G/7IE47epYORoFqQLcC" , "fullname" : "Emilie" , "mail" : "emilie.deprez@student.uclouvain.be"}
{"username" : "Emily-Yu" , "password" : "$2b$10$s9zZJ6Q2JVHPxVL.ZaokcOHzmT/n5Dux1hiFr0BCsb3A4TY2MXqFi" , "fullname" : "Emily-Yu" , "mail" : "emily-yu.sayez@student.uclouvain.be"}
{"username" : "Test" , "password" : "$2b$10$5zu.OivUsI22QoFo4l6gVewniS65iLePWApaoVRLdC/X8EgEKzhvi", "fullname" : "Test", "mail" : "test@test.test"}
